[
  {
    "title": "需求名称",
    "text": "",
    "markdown": "",
    "generate": true,
    "Picker_open": false,
    "edi_time": "",
    "rows": 2,
    "markview": "yincang",
    "ediview": "xianshi"
  },
  {
    "title": "需求名称",
    "text": "",
    "markdown": "",
    "generate": true,
    "Picker_open": false,
    "edi_time": "",
    "rows": 2,
    "markview": "yincang",
    "ediview": "xianshi"
  },
  {
    "title": "需求名称",
    "text": "",
    "markdown": "",
    "generate": true,
    "Picker_open": false,
    "edi_time": "",
    "rows": 2,
    "markview": "yincang",
    "ediview": "xianshi"
  }
]
